{"mse": 142384166.33663246, "rmse": 11932.483661695602, "mape": 0.16217142651402572, "r_squared": 0.8897268932870511}