{"mse": 3123543.8837418095, "rmse": 1767.3550531067065, "mape": 94.78620663575241, "r_squared": 0.00890709684700854}