{"mse": 118794711.36932275, "rmse": 10899.298664103244, "mape": 15.8156978342381, "r_squared": 0.6477276424166968}