{"mse": 142384166.33663246, "rmse": 11932.483661695602, "mape": 16.217142651402543, "r_squared": 0.8347864294574476}