{"mse": 0.0021378106318780386, "rmse": 0.04623646430987169, "mape": 5.439499639690889, "r_squared": 0.9226384260085849}