{"mse": 0.00023418629255785004, "rmse": 0.015303146492073127, "mape": 2.758395518333461, "r_squared": 0.9884202978880924}