{"mse": 0.002027848856986954, "rmse": 0.04503164284130609, "mape": 5.470597826832316, "r_squared": 0.9266176446810035}