{"mse": 162236944.6760625, "rmse": 12737.226726256486, "mape": 18.976152615595872, "r_squared": 0.729900697084601}