{"mse": 542163854.5379874, "rmse": 23284.41226524705, "mape": 35.55397292116277, "r_squared": 0.5795108433045808}