{"mse": 691500125.9500452, "rmse": 26296.389979425792, "mape": 45.72644248783915, "r_squared": 0.8123935720526506}