{"mse": 691500125.9500452, "rmse": 26296.389979425792, "mape": 45.72644248783907, "r_squared": 0.7500808760956825}