{"mse": 2736579018.1145816, "rmse": 52312.32185742267, "mape": 85.80937049880085, "r_squared": 0.9258360797728045}